<reseau><ville><nom>V3</nom><type>petite</type><touristique>non</touristique><coordonnees><latitude>26.106060511771435</latitude><longitude>25.970515126446575</longitude></coordonnees></ville><ville><nom>V0</nom><type>moyenne</type><touristique>non</touristique><coordonnees><latitude>26.021106231183637</latitude><longitude>28.14909111685573</longitude></coordonnees></ville><ville><nom>V5</nom><type>grande</type><touristique>non</touristique><coordonnees><latitude>28.101388297955296</latitude><longitude>28.05834633105908</longitude></coordonnees></ville><ville><nom>V8</nom><type>grande</type><touristique>non</touristique><coordonnees><latitude>26.840630674338197</latitude><longitude>28.64796929026651</longitude></coordonnees></ville><ville><nom>V4</nom><type>grande</type><touristique>non</touristique><coordonnees><latitude>25.621136881963785</latitude><longitude>28.926941002477115</longitude></coordonnees></ville><ville><nom>V6</nom><type>petite</type><touristique>non</touristique><coordonnees><latitude>27.700108285094558</latitude><longitude>28.853541466193565</longitude></coordonnees></ville><ville><nom>V1</nom><type>petite</type><touristique>non</touristique><coordonnees><latitude>26.02117373470826</latitude><longitude>28.443707916273006</longitude></coordonnees></ville><ville><nom>V9</nom><type>moyenne</type><touristique>non</touristique><coordonnees><latitude>28.955761364822916</latitude><longitude>29.011472028974005</longitude></coordonnees></ville><ville><nom>V7</nom><type>petite</type><touristique>non</touristique><coordonnees><latitude>28.53256963393957</latitude><longitude>28.630321683640325</longitude></coordonnees></ville><ville><nom>V2</nom><type>moyenne</type><touristique>non</touristique><coordonnees><latitude>28.123262875759178</latitude><longitude>28.276172425978075</longitude></coordonnees></ville><route><nom>D3</nom><type>departementale</type><troncon><ville1>V5</ville1><ville2>V7</ville2><vitesse>30</vitesse><touristique>non</touristique><radar>non</radar><payant>non</payant><longueur>193</longueur></troncon><troncon><ville1>V5</ville1><ville2>V2</ville2><vitesse>70</vitesse><touristique>non</touristique><radar>non</radar><payant>non</payant><longueur>24</longueur></troncon></route><route><nom>N1</nom><type>nationale</type><troncon><ville1>V7</ville1><ville2>V9</ville2><vitesse>70</vitesse><touristique>non</touristique><radar>non</radar><payant>non</payant><longueur>121</longueur></troncon></route><route><nom>A3</nom><type>autoroute</type><troncon><ville1>V8</ville1><ville2>V9</ville2><vitesse>130</vitesse><touristique>non</touristique><radar>non</radar><payant>non</payant><longueur>474</longueur></troncon><troncon><ville1>V1</ville1><ville2>V8</ville2><vitesse>90</vitesse><touristique>non</touristique><radar>non</radar><payant>non</payant><longueur>238</longueur></troncon><troncon><ville1>V8</ville1><ville2>V1</ville2><vitesse>90</vitesse><touristique>non</touristique><radar>non</radar><payant>non</payant><longueur>265</longueur></troncon><troncon><ville1>V5</ville1><ville2>V1</ville2><vitesse>110</vitesse><touristique>oui</touristique><radar>non</radar><payant>non</payant><longueur>571</longueur></troncon></route><route><nom>A2</nom><type>autoroute</type><troncon><ville1>V4</ville1><ville2>V5</ville2><vitesse>110</vitesse><touristique>non</touristique><radar>non</radar><payant>non</payant><longueur>639</longueur></troncon><troncon><ville1>V4</ville1><ville2>V6</ville2><vitesse>110</vitesse><touristique>non</touristique><radar>non</radar><payant>non</payant><longueur>302</longueur></troncon><troncon><ville1>V4</ville1><ville2>V1</ville2><vitesse>130</vitesse><touristique>non</touristique><radar>non</radar><payant>non</payant><longueur>156</longueur></troncon><troncon><ville1>V4</ville1><ville2>V0</ville2><vitesse>90</vitesse><touristique>non</touristique><radar>non</radar><payant>non</payant><longueur>98</longueur></troncon></route><route><nom>D2</nom><type>departementale</type><troncon><ville1>V6</ville1><ville2>V7</ville2><vitesse>50</vitesse><touristique>non</touristique><radar>non</radar><payant>non</payant><longueur>260</longueur></troncon><troncon><ville1>V8</ville1><ville2>V6</ville2><vitesse>30</vitesse><touristique>non</touristique><radar>non</radar><payant>non</payant><longueur>160</longueur></troncon></route><route><nom>D1</nom><type>departementale</type><troncon><ville1>V2</ville1><ville2>V3</ville2><vitesse>30</vitesse><touristique>non</touristique><radar>non</radar><payant>non</payant><longueur>674</longueur></troncon><troncon><ville1>V2</ville1><ville2>V5</ville2><vitesse>70</vitesse><touristique>non</touristique><radar>non</radar><payant>non</payant><longueur>51</longueur></troncon></route><route><nom>A1</nom><type>autoroute</type><troncon><ville1>V0</ville1><ville2>V1</ville2><vitesse>90</vitesse><touristique>non</touristique><radar>non</radar><payant>non</payant><longueur>71</longueur></troncon><troncon><ville1>V0</ville1><ville2>V4</ville2><vitesse>130</vitesse><touristique>non</touristique><radar>non</radar><payant>non</payant><longueur>159</longueur></troncon><troncon><ville1>V0</ville1><ville2>V5</ville2><vitesse>90</vitesse><touristique>non</touristique><radar>non</radar><payant>non</payant><longueur>420</longueur></troncon><troncon><ville1>V1</ville1><ville2>V0</ville2><vitesse>90</vitesse><touristique>non</touristique><radar>non</radar><payant>non</payant><longueur>36</longueur></troncon></route><route><nom>D4</nom><type>departementale</type><troncon><ville1>V0</ville1><ville2>V6</ville2><vitesse>50</vitesse><touristique>non</touristique><radar>non</radar><payant>non</payant><longueur>425</longueur></troncon></route></reseau>